epoch,train_loss,train_acc,val_loss,val_acc
0,0.01748231407412354,0.8205260019329235,0.04941834099784936,0.5159755268524813
1,0.01214927627130188,0.8715634060578643,0.047887911486998454,0.540448674371176
2,0.010219794033469332,0.8921881104645185,0.05053816190415328,0.5748923634715613
3,0.00871276815177381,0.906787851370525,0.040924726268911804,0.6116020847496034
4,0.007668984607376842,0.9182414509263639,0.0430104127012357,0.5948334466349422
5,0.006845976822177046,0.9259525816865786,0.04761028750370128,0.583956492182189
6,0.006162582925088776,0.9329851329398943,0.043572830013912225,0.616360752322683
